test_index,condition,question,status,duration_seconds,total_tokens
1,with_a2ui,Book me a hotel in Bangkok. Ask for my travel dates before searching.,ok,31.3,38597
2,with_a2ui,Find me flights to Shanghai and sort them by the shortest travel time.,timeout,188.9,0
3,with_a2ui,"Recommend three hotels in Singapore and compare their prices, ratings, and locations.",error,0.0,0
4,with_a2ui,I want to buy a gaming laptop. Show me several options and explain the pros and cons of each.,ok,103.9,84438
5,with_a2ui,Help me plan a food tour in Penang. Ask me what cuisines I like first.,ok,31.2,57664
6,with_a2ui,Find attractions in Kyoto and organize them into a 3-day itinerary.,ok,69.6,212832
7,with_a2ui,"I need a hotel with free breakfast, a swimming pool, and Wi-Fi. Don't recommend anything until you ask my budget.",timeout,188.7,0
8,with_a2ui,"I want to plan a vacation, but I'm not sure where to go. Ask me a few questions before making recommendations.",ok,33.0,40818
9,with_a2ui,Recommend a smartphone for me. Don't suggest anything until you've asked about my budget and what I use it for.,ok,16.2,37666
10,with_a2ui,"Help me choose a university in Australia. Ask about my preferred course, budget, and career goals before recommending one.",ok,34.0,40376
11,with_a2ui,Recommend five restaurants in Seoul based on my preferences. Ask what cuisine I enjoy before searching.,ok,16.2,37638
12,with_a2ui,Help me organize a café-hopping trip in Singapore. Suggest the most efficient route between cafés.,timeout,188.7,200935
13,with_a2ui,Find restaurants near Marina Bay Sands that have at least a 4.5-star rating and cost less than SGD 50 per person.,timeout,189.0,175167
14,with_a2ui,"I'm planning a family vacation with young children. Ask enough questions before recommending destinations, hotels, and activities.",ok,39.9,117137
15,with_a2ui,"Help me organize a business trip to Shanghai. Book a flight, recommend hotels near the exhibition center, and suggest nearby restaurants.",ok,34.1,78233
16,with_a2ui,"I have SGD 3,000 for a vacation. Recommend the best destination based on weather, flight prices, and attractions during my travel dates.",ok,34.5,93363
17,with_a2ui,"Plan my honeymoon in Italy. Ask about our budget, travel dates, interests, preferred hotel type, and flight preferences before creating a complete itinerary.",ok,32.0,40513
18,with_a2ui,I'm buying a DSLR camera. Interview me like a salesperson before recommending the best camera and lenses.,ok,40.8,118452
19,with_a2ui,"Help me move to a new apartment. Create a checklist, recommend moving companies, estimate costs, and suggest a timeline.",ok,89.2,392911
20,with_a2ui,"I'm organizing a company offsite for 30 people. Find suitable venues, nearby hotels, transportation options, and restaurants, then compare them.",ok,27.9,77603
21,with_a2ui,"Plan a weekend trip where the total budget (hotel, transport, food, and attractions) stays under SGD 500.",ok,40.3,197192
22,with_a2ui,"Search for electric vehicles available in Singapore and compare purchase price, government rebates, range, charging time, and maintenance costs.",ok,18.3,117639
23,with_a2ui,Find three travel insurance plans for my trip to Japan and explain which one is best for my needs after asking about my travel duration and activities.,ok,17.1,37896
24,with_a2ui,"Help me buy a bicycle. Ask about my height, riding style, terrain, and budget before recommending suitable models.",ok,23.7,39083
25,with_a2ui,"Build me a complete PC for AI development with a SGD 3,000 budget. Compare components, compatibility, and performance.",ok,88.0,254351
26,with_a2ui,"Help me plan a ski trip. Ask about my skiing experience, preferred country, budget, and travel dates before recommending resorts, hotels, equipment rental, and flights.",ok,45.4,160077
27,with_a2ui,"Find the cheapest MacBook Air on Apple's website, then compare it with offers from authorized retailers.",ok,49.4,313674
28,with_a2ui,"Search for Taylor Swift concert tickets. If multiple ticket websites are available, compare prices and seat availability.",ok,130.5,117904
29,with_a2ui,I want to apply for a tourist visa to Japan. Guide me through the application process and ask for any required information before proceeding.,ok,36.6,41017
30,with_a2ui,"Help me register for a marathon. Search for upcoming races near Singapore, compare registration fees, and guide me through the registration process.",timeout,188.4,154636
1,without_a2ui,Book me a hotel in Bangkok. Ask for my travel dates before searching.,ok,22.6,28554
2,without_a2ui,Find me flights to Shanghai and sort them by the shortest travel time.,ok,17.0,28408
3,without_a2ui,"Recommend three hotels in Singapore and compare their prices, ratings, and locations.",error,30.0,0
4,without_a2ui,I want to buy a gaming laptop. Show me several options and explain the pros and cons of each.,ok,104.2,61068
5,without_a2ui,Help me plan a food tour in Penang. Ask me what cuisines I like first.,ok,17.0,28441
6,without_a2ui,Find attractions in Kyoto and organize them into a 3-day itinerary.,error,0.0,0
7,without_a2ui,"I need a hotel with free breakfast, a swimming pool, and Wi-Fi. Don't recommend anything until you ask my budget.",ok,20.5,28216
8,without_a2ui,"I want to plan a vacation, but I'm not sure where to go. Ask me a few questions before making recommendations.",ok,21.4,28676
9,without_a2ui,Recommend a smartphone for me. Don't suggest anything until you've asked about my budget and what I use it for.,ok,18.3,28161
10,without_a2ui,"Help me choose a university in Australia. Ask about my preferred course, budget, and career goals before recommending one.",ok,19.3,28318
11,without_a2ui,Recommend five restaurants in Seoul based on my preferences. Ask what cuisine I enjoy before searching.,ok,20.4,28128
12,without_a2ui,Help me organize a café-hopping trip in Singapore. Suggest the most efficient route between cafés.,timeout,1293.4,56853
13,without_a2ui,Find restaurants near Marina Bay Sands that have at least a 4.5-star rating and cost less than SGD 50 per person.,ok,16.6,56777
14,without_a2ui,"I'm planning a family vacation with young children. Ask enough questions before recommending destinations, hotels, and activities.",ok,19.9,28464
15,without_a2ui,"Help me organize a business trip to Shanghai. Book a flight, recommend hotels near the exhibition center, and suggest nearby restaurants.",ok,27.7,57196
16,without_a2ui,"I have SGD 3,000 for a vacation. Recommend the best destination based on weather, flight prices, and attractions during my travel dates.",ok,16.1,28295
17,without_a2ui,"Plan my honeymoon in Italy. Ask about our budget, travel dates, interests, preferred hotel type, and flight preferences before creating a complete itinerary.",ok,20.3,28441
18,without_a2ui,I'm buying a DSLR camera. Interview me like a salesperson before recommending the best camera and lenses.,ok,17.2,28295
19,without_a2ui,"Help me move to a new apartment. Create a checklist, recommend moving companies, estimate costs, and suggest a timeline.",ok,39.0,58340
20,without_a2ui,"I'm organizing a company offsite for 30 people. Find suitable venues, nearby hotels, transportation options, and restaurants, then compare them.",ok,18.2,28651
21,without_a2ui,"Plan a weekend trip where the total budget (hotel, transport, food, and attractions) stays under SGD 500.",timeout,189.0,86317
22,without_a2ui,"Search for electric vehicles available in Singapore and compare purchase price, government rebates, range, charging time, and maintenance costs.",ok,93.4,118876
23,without_a2ui,Find three travel insurance plans for my trip to Japan and explain which one is best for my needs after asking about my travel duration and activities.,timeout,188.3,0
24,without_a2ui,"Help me buy a bicycle. Ask about my height, riding style, terrain, and budget before recommending suitable models.",ok,55.6,102412
25,without_a2ui,"Build me a complete PC for AI development with a SGD 3,000 budget. Compare components, compatibility, and performance.",timeout,188.2,139282
26,without_a2ui,"Help me plan a ski trip. Ask about my skiing experience, preferred country, budget, and travel dates before recommending resorts, hotels, equipment rental, and flights.",ok,16.3,234707
27,without_a2ui,"Find the cheapest MacBook Air on Apple's website, then compare it with offers from authorized retailers.",ok,32.5,256394
28,without_a2ui,"Search for Taylor Swift concert tickets. If multiple ticket websites are available, compare prices and seat availability.",ok,66.9,263953
29,without_a2ui,I want to apply for a tourist visa to Japan. Guide me through the application process and ask for any required information before proceeding.,ok,19.4,28399
30,without_a2ui,"Help me register for a marathon. Search for upcoming races near Singapore, compare registration fees, and guide me through the registration process.",timeout,188.9,56855
